
INSERT into admin VALUES ('admin', 'admin');

INSERT INTO student (roll, fest_id, name, dept, pass) VALUES
('21CS10001', 1, 'Emma', 'CSE', 'bt21'),
('21EC10002', 2, 'Liam', 'ECE', 'bt21'),
('21EE10003', 3, 'Sophia', 'EE', 'bt21'),
('21PH10004', 4, 'Noah', 'PH', 'bt21'),
('21CH10005', 5, 'Olivia', 'CH', 'bt21'),
('21CE10006', 6, 'William', 'CE', 'bt21'),
('21MA10007', 7, 'Ava', 'MA', 'bt21'),
('21AG10008', 8, 'James', 'AG', 'bt21'),
('21HS10009', 9, 'Isabella', 'HSS', 'bt21'),
('21ME10010', 10, 'Aiden', 'ME', 'bt21'),
('21CS10011', 11, 'Mia', 'CSE', 'bt21'),
('21CS10012', 12, 'Ethan', 'CSE', 'bt21'),
('21CS10013', 13, 'Charlotte', 'CSE', 'bt21'),
('21CS10014', 14, 'Elijah', 'CSE', 'bt21'),
('21CS10015', 15, 'Sofia', 'CSE', 'bt21'),
('21CS10016', 16, 'Michael', 'CSE', 'bt21'),
('21CS10017', 17, 'Amelia', 'CSE', 'bt21'),
('21CS10018', 18, 'Benjamin', 'CSE', 'bt21'),
('21CS10019', 19, 'Avery', 'CSE', 'bt21'),
('21CS10020', 20, 'Lucas', 'CSE', 'bt21'),
('21EC10021', 21, 'Harper', 'ECE', 'bt21'),
('21EC10022', 22, 'Scarlett', 'ECE', 'bt21'),
('21EC10023', 23, 'Aryan', 'ECE', 'bt21'),
('21EC10024', 24, 'Grace', 'ECE', 'bt21'),
('21EC10025', 25, 'Sebastian', 'ECE', 'bt21'),
('21EC10026', 26, 'Emily', 'ECE', 'bt21'),
('21EC10027', 27, 'Aiden', 'ECE', 'bt21'),
('21EC10028', 28, 'Abigail', 'ECE', 'bt21'),
('21EC10029', 29, 'Logan', 'ECE', 'bt21'),
('21EC10030', 30, 'Ella', 'ECE', 'bt21'),
('21EE10031', 31, 'Mason', 'EE', 'bt21'),
('21EE10032', 32, 'Aria', 'EE', 'bt21'),
('21EE10033', 33, 'Ethan', 'EE', 'bt21'),
('21EE10034', 34, 'Madison', 'EE', 'bt21'),
('21EE10035', 35, 'James', 'EE', 'bt21'),
('21EE10036', 36, 'Avery', 'EE', 'bt21'),
('21EE10037', 37, 'Michael', 'EE', 'bt21'),
('21EE10038', 38, 'Hannah', 'EE', 'bt21'),
('21EE10039', 39, 'Alexander', 'EE', 'bt21'),
('21EE10040', 40, 'Elizabeth', 'EE', 'bt21'),
('21PH10041', 41, 'David', 'PH', 'bt21'),
('21PH10042', 42, 'Chloe', 'PH', 'bt21'),
('21PH10043', 43, 'Logan', 'PH', 'bt21'),
('21PH10044', 44, 'Mia', 'PH', 'bt21'),
('21PH10045', 45, 'Samuel', 'PH', 'bt21'),
('21CH10046', 46, 'Sophie', 'CH', 'bt21'),
('21CH10047', 47, 'Mason', 'CH', 'bt21'),
('21CH10048', 48, 'Lily', 'CH', 'bt21'),
('21CH10049', 49, 'Benjamin', 'CH', 'bt21'),
('21CH10050', 50, 'Grace', 'CH', 'bt21'),
('21CE10051', 51, 'Elijah', 'CE', 'bt21'),
('21CE10052', 52, 'Harper', 'CE', 'bt21'),
('21CE10053', 53, 'Alexander', 'CE', 'bt21'),
('21CE10054', 54, 'Aria', 'CE', 'bt21'),
('21CE10055', 55, 'Jack', 'CE', 'bt21'),
('21ME10056', 56, 'Madison', 'ME', 'bt21'),
('21ME10057', 57, 'Lucas', 'ME', 'bt21'),
('21ME10058', 58, 'Avery', 'ME', 'bt21'),
('21ME10059', 59, 'Ella', 'ME', 'bt21'),
('21ME10060', 60, 'Lincoln', 'ME', 'bt21'),
('21MA10061', 61, 'Hannah', 'MA', 'bt21'),
('21MA10062', 62, 'William', 'MA', 'bt21'),
('21MA10063', 63, 'Grace', 'MA', 'bt21'),
('21MA10064', 64, 'Logan', 'MA', 'bt21'),
('21MA10065', 65, 'Charlotte', 'MA', 'bt21'),
('21AG10066', 66, 'Liam', 'AG', 'bt21'),
('21AG10067', 67, 'Aurora', 'AG', 'bt21'),
('21AG10068', 68, 'Oliver', 'AG', 'bt21'),
('21AG10069', 69, 'Lily', 'AG', 'bt21'),
('21AG10070', 70, 'Ethan', 'AG', 'bt21'),
('21HS10071', 71, 'Emma', 'HSS', 'bt21'),
('21HS10072', 72, 'Samuel', 'HSS', 'bt21'),
('21HS10073', 73, 'Ava', 'HSS', 'bt21'),
('21HS10074', 74, 'Sophie', 'HSS', 'bt21'),
('21HS10075', 75, 'Michael', 'HSS', 'bt21'),
('21CS10076', 76, 'Abigail', 'CSE', 'bt21'),
('21CS10077', 77, 'Matthew', 'CSE', 'bt21'),
('21CS10078', 78, 'Chloe', 'CSE', 'bt21'),
('21CS10079', 79, 'Joseph', 'CSE', 'bt21'),
('21CS10080', 80, 'Harper', 'CSE', 'bt21'),
('21EC10081', 81, 'Emily', 'ECE', 'bt21'),
('21EC10082', 82, 'David', 'ECE', 'bt21'),
('21EC10083', 83, 'Grace', 'ECE', 'bt21'),
('21EC10084', 84, 'Elijah', 'ECE', 'bt21'),
('21EC10085', 85, 'Ava', 'ECE', 'bt21'),
('21EE10086', 86, 'Olivia', 'EE', 'bt21'),
('21EE10087', 87, 'Daniel', 'EE', 'bt21'),
('21EE10088', 88, 'Amelia', 'EE', 'bt21'),
('21EE10089', 89, 'Mason', 'EE', 'bt21'),
('21EE10090', 90, 'Sophia', 'EE', 'bt21'),
('21PH10091', 91, 'Noah', 'PH', 'bt21'),
('21PH10092', 92, 'Charlotte', 'PH', 'bt21'),
('21PH10093', 93, 'Aria', 'PH', 'bt21'),
('21PH10094', 94, 'William', 'PH', 'bt21'),
('21PH10095', 95, 'Avery', 'PH', 'bt21'),
('21CH10096', 96, 'Grace', 'CH', 'bt21'),
('21CH10097', 97, 'Logan', 'CH', 'bt21'),
('21CH10098', 98, 'Sophia', 'CH', 'bt21'),
('21CH10099', 99, 'Ethan', 'CH', 'bt21'),
('21CH10100', 100, 'Alexander', 'CH', 'bt21'),
('21CS30001', 101, 'Aarav', 'CSE', 'dd21'),
('21EC30002', 102, 'Aadya', 'ECE', 'dd21'),
('21EE30003', 103, 'Aaradhya', 'EE', 'dd21'),
('21PH30004', 104, 'Aanya', 'PH', 'dd21'),
('21CH30005', 105, 'Chirag', 'CH', 'dd21'),
('21CE30006', 106, 'Chetan', 'CE', 'dd21'),
('21MA30007', 107, 'Maya', 'MA', 'dd21'),
('21AG30008', 108, 'Amit', 'AG', 'dd21'),
('21HS30009', 109, 'Himani', 'HSS', 'dd21'),
('21ME30010', 110, 'Mohit', 'ME', 'dd21'),
('21CS30011', 111, 'Chetna', 'CSE', 'dd21'),
('21CS30012', 112, 'Chandan', 'CSE', 'dd21'),
('21CS30013', 113, 'Deepika', 'CSE', 'dd21'),
('21CS30014', 114, 'Dhruv', 'CSE', 'dd21'),
('21CS30015', 115, 'Devika', 'CSE', 'dd21'),
('21CS30016', 116, 'Divya', 'CSE', 'dd21'),
('21CS30017', 117, 'Darshan', 'CSE', 'dd21'),
('21CS30018', 118, 'Diya', 'CSE', 'dd21'),
('21CS30019', 119, 'Dinesh', 'CSE', 'dd21'),
('21CS30020', 120, 'Disha', 'CSE', 'dd21'),
('21EC30021', 121, 'Eshaan', 'ECE', 'dd21'),
('21EC30022', 122, 'Eva', 'ECE', 'dd21'),
('21EC30023', 123, 'Eeshan', 'ECE', 'dd21'),
('21EC30024', 124, 'Ekta', 'ECE', 'dd21'),
('21EC30025', 125, 'Eshika', 'ECE', 'dd21'),
('21EC30026', 126, 'Evaan', 'ECE', 'dd21'),
('21EC30027', 127, 'Ela', 'ECE', 'dd21'),
('21EC30028', 128, 'Eesh', 'ECE', 'dd21'),
('21EC30029', 129, 'Eesha', 'ECE', 'dd21'),
('21EC30030', 130, 'Eva', 'ECE', 'dd21'),
('21EE30031', 131, 'Ekansh', 'EE', 'dd21'),
('21EE30032', 132, 'Eva', 'EE', 'dd21'),
('21EE30033', 133, 'Esha', 'EE', 'dd21'),
('21EE30034', 134, 'Ekta', 'EE', 'dd21'),
('21EE30035', 135, 'Ekansha', 'EE', 'dd21'),
('21EE30036', 136, 'Ekta', 'EE', 'dd21'),
('21EE30037', 137, 'Eva', 'EE', 'dd21'),
('21EE30038', 138, 'Ekansh', 'EE', 'dd21'),
('21EE30039', 139, 'Eshita', 'EE', 'dd21'),
('21EE30040', 140, 'Ekta', 'EE', 'dd21'),
('21PH30041', 141, 'Pranav', 'PH', 'dd21'),
('21PH30042', 142, 'Prisha', 'PH', 'dd21'),
('21PH30043', 143, 'Pratyush', 'PH', 'dd21'),
('21PH30044', 144, 'Prisha', 'PH', 'dd21'),
('21PH30045', 145, 'Pranjal', 'PH', 'dd21'),
('21CH30046', 146, 'Chaitanya', 'CH', 'dd21'),
('21CH30047', 147, 'Chitra', 'CH', 'dd21'),
('21CH30048', 148, 'Chandni', 'CH', 'dd21'),
('21CH30049', 149, 'Chandan', 'CH', 'dd21'),
('21CH30050', 150, 'Chahat', 'CH', 'dd21'),
('21CS30151', 151, 'Rahul', 'CSE', 'dd21'),
('21EC30152', 152, 'Riya', 'ECE', 'dd21'),
('21EE30153', 153, 'Raj', 'EE', 'dd21'),
('21PH30154', 154, 'Renuka', 'PH', 'dd21'),
('21CH30155', 155, 'Rajesh', 'CH', 'dd21'),
('21CE30156', 156, 'Rahul', 'CE', 'dd21'),
('21MA30157', 157, 'Riya', 'MA', 'dd21'),
('21AG30158', 158, 'Rahul', 'AG', 'dd21'),
('21HS30159', 159, 'Rajni', 'HSS', 'dd21'),
('21ME30160', 160, 'Rajat', 'ME', 'dd21'),
('21CS30161', 161, 'Sneha', 'CSE', 'dd21'),
('21EC30162', 162, 'Sachin', 'ECE', 'dd21'),
('21EE30163', 163, 'Shreya', 'EE', 'dd21'),
('21PH30164', 164, 'Shivam', 'PH', 'dd21'),
('21CH30165', 165, 'Shivangi', 'CH', 'dd21'),
('21CE30166', 166, 'Sakshi', 'CE', 'dd21'),
('21MA30167', 167, 'Sahil', 'MA', 'dd21'),
('21AG30168', 168, 'Simran', 'AG', 'dd21'),
('21HS30169', 169, 'Sakshi', 'HSS', 'dd21'),
('21ME30170', 170, 'Satish', 'ME', 'dd21'),
('21CS30171', 171, 'Tanvi', 'CSE', 'dd21'),
('21EC30172', 172, 'Tarun', 'ECE', 'dd21'),
('21EE30173', 173, 'Tanya', 'EE', 'dd21'),
('21PH30174', 174, 'Tanisha', 'PH', 'dd21'),
('21CH30175', 175, 'Tarun', 'CH', 'dd21'),
('21CE30176', 176, 'Tanvi', 'CE', 'dd21'),
('21MA30177', 177, 'Tanushree', 'MA', 'dd21'),
('21AG30178', 178, 'Tanmay', 'AG', 'dd21'),
('21HS30179', 179, 'Tanvi', 'HSS', 'dd21'),
('21ME30180', 180, 'Tanmay', 'ME', 'dd21'),
('21CS30181', 181, 'Uma', 'CSE', 'dd21'),
('21EC30182', 182, 'Utkarsh', 'ECE', 'dd21'),
('21EE30183', 183, 'Uma', 'EE', 'dd21'),
('21PH30184', 184, 'Urmila', 'PH', 'dd21'),
('21CH30185', 185, 'Udit', 'CH', 'dd21'),
('21CE30186', 186, 'Urvashi', 'CE', 'dd21'),
('21MA30187', 187, 'Uday', 'MA', 'dd21'),
('21AG30188', 188, 'Usha', 'AG', 'dd21'),
('21HS30189', 189, 'Uttam', 'HSS', 'dd21'),
('21ME30190', 190, 'Ujjwal', 'ME', 'dd21'),
('21CS30191', 191, 'Vandana', 'CSE', 'dd21'),
('21EC30192', 192, 'Vikas', 'ECE', 'dd21'),
('21EE30193', 193, 'Vani', 'EE', 'dd21'),
('21PH30194', 194, 'Vaibhav', 'PH', 'dd21'),
('21CH30195', 195, 'Vidya', 'CH', 'dd21'),
('21CE30196', 196, 'Vivek', 'CE', 'dd21'),
('21MA30197', 197, 'Veena', 'MA', 'dd21'),
('21AG30198', 198, 'Vijay', 'AG', 'dd21'),
('21HS30199', 199, 'Veera', 'HSS', 'dd21'),
('21ME30200', 200, 'Vinay', 'ME', 'dd21');

-- Inserting data into the event table
INSERT INTO event (event_id, event_name, event_date, event_time, event_venue, event_type, event_description, event_winner) VALUES
(1, 'Tech Symposium', '2024-03-02', '10:00', 'Ramanujan Complex', 'Technical', 'A symposium showcasing the latest advancements in technology and innovation.', NULL),
(2, 'Literary Festival', '2024-03-02', '18:00', 'Gymkhana', 'Literary', 'A festival celebrating literature with poetry recitals, book readings, and author talks.', NULL),
(3, 'Cultural Extravaganza', '2024-03-03', '20:00', 'Main Building', 'Cultural', 'An extravagant cultural event featuring music, dance, and theatrical performances.', NULL),
(4, 'Hackathon', '2024-03-03', '10:00', 'Ramanujan Complex', 'Technical', 'A coding competition where participants develop innovative software solutions within a limited timeframe.', NULL),
(5, 'Art Exhibition', '2024-03-04', '20:00', 'Main Building', 'Exhibition', 'An exhibition showcasing diverse artworks including paintings, sculptures, and installations.', NULL),
(6, 'Dance Competition', '2024-03-04', '10:00', 'Main Building', 'Dance', 'A dance competition featuring various dance forms including classical, contemporary, and folk dances.', NULL),
(7, 'Guest Lecture Series', '2024-03-05', '18:00', 'Main Building', 'Guest Lecture', 'A series of insightful lectures by esteemed professionals and scholars on diverse topics.', NULL),
(8, 'Music Concert', '2024-03-05', '10:00', 'Main Building', 'Music', 'A concert featuring talented musicians and bands performing a variety of musical genres.', NULL),
(9, 'Debate Competition', '2024-03-06', '20:00', 'Main Building', 'Literary', 'A competitive debate where participants discuss pressing issues and present arguments persuasively.', NULL),
(10, 'Startup Showcase', '2024-03-06', '10:00', 'Ramanujan Complex', 'Technical', 'A showcase of innovative startup ideas and entrepreneurial ventures by aspiring entrepreneurs.', NULL),
(11, 'Film Screening', '2024-03-07', '18:00', 'Main Building', 'Cultural', 'A screening of thought-provoking films followed by discussions on the themes and messages portrayed.', NULL),
(12, 'Workshop on AI', '2024-03-07', '10:00', 'Ramanujan Complex', 'Technical', 'A hands-on workshop providing insights into artificial intelligence and its applications.', NULL),
(13, 'Literary Quiz', '2024-03-08', '20:00', 'Main Building', 'Literary', 'A quiz competition testing participants knowledge of literature, authors, and literary works.', NULL),
(14, 'Fashion Show', '2024-03-08', '10:00', 'Main Building', 'Cultural', 'A glamorous fashion show showcasing the latest trends and designs by emerging designers.', NULL),
(15, 'Robotics Competition', '2024-03-09', '18:00', 'Ramanujan Complex', 'Technical', 'A robotics competition where participants design and demonstrate innovative robotic systems.', NULL),
(16, 'Poetry Slam', '2024-03-09', '10:00', 'Main Building', 'Literary', 'An expressive poetry slam where poets perform their original poems in a competitive format.', NULL),
(17, 'Music Workshop', '2024-03-10', '20:00', 'Main Building', 'Music', 'A workshop exploring various aspects of music including composition, instrumentation, and performance techniques.', NULL),
(18, 'Dance Workshop', '2024-03-10', '10:00', 'Main Building', 'Dance', 'An intensive dance workshop focusing on skill development, choreography, and expression.', NULL),
(19, 'Coding Bootcamp', '2024-03-11', '18:00', 'Ramanujan Complex', 'Technical', 'A bootcamp-style coding session aimed at enhancing participants coding skills and problem-solving abilities.', NULL),
(20, 'Book Launch Event', '2024-03-11', '10:00', 'Main Building', 'Literary', 'An event celebrating the launch of new books with author readings, book signings, and discussions.', NULL);

-- Inserting data into the accomodation table
INSERT INTO accomodation (acc_id, name, capacity) VALUES
(1, 'TGH', 50),
(2, 'NTGH', 120),
(3, 'VGH', 80),
(4, 'SLGH', 100);

-- Inserting data into the ext_participant table
INSERT INTO ext_participant (fest_id, name, college, acc_id, pass) VALUES
(1001, 'Vikas', 'IIT Bombay', 1, 'vikas_iitb'),
(1002, 'Priya', 'IIT Madras', 2, 'priya_iitm'),
(1003, 'Rahul', 'IIT Kanpur', 3, 'rahul_iitk'),
(1004, 'Neha', 'IIT Delhi', 4, 'neha_iitd'),
(1005, 'Amit', 'BITS Pilani', 1, 'amit_bits'),
(1006, 'Shreya', 'NIT Trichy', 2, 'shreya_nitt'),
(1007, 'Sandeep', 'IIIT Hyderabad', 3, 'sandeep_iiith'),
(1008, 'Deepika', 'IISc Bangalore', 4, 'deepika_iisc'),
(1009, 'Ankit', 'IIT Guwahati', 1, 'ankit_iitg'),
(1010, 'Kavita', 'IIT Roorkee', 2, 'kavita_iitr'),
(1011, 'Aryan', 'IIT Bombay', 3, 'aryan_iitb'),
(1012, 'Aarti', 'IIT Madras', 4, 'aarti_iitm'),
(1013, 'Ravi', 'IIT Kanpur', 1, 'ravi_iitk'),
(1014, 'Nisha', 'IIT Delhi', 2, 'nisha_iitd'),
(1015, 'Sumit', 'BITS Pilani', 3, 'sumit_bits'),
(1016, 'Pooja', 'NIT Trichy', 4, 'pooja_nitt'),
(1017, 'Rahul', 'IIIT Hyderabad', 1, 'rahul_iiith'),
(1018, 'Divya', 'IISc Bangalore', 2, 'divya_iisc'),
(1019, 'Prakash', 'IIT Guwahati', 3, 'prakash_iitg'),
(1020, 'Kiran', 'IIT Roorkee', 4, 'kiran_iitr'),
(1021, 'Amitabh', 'IIT Bombay', 1, 'amitabh_iitb'),
(1022, 'Anjali', 'IIT Madras', 2, 'anjali_iitm'),
(1023, 'Rohit', 'IIT Kanpur', 3, 'rohit_iitk'),
(1024, 'Sunita', 'IIT Delhi', 4, 'sunita_iitd'),
(1025, 'Raj', 'BITS Pilani', 1, 'raj_bits'),
(1026, 'Preeti', 'NIT Trichy', 2, 'preeti_nitt'),
(1027, 'Sachin', 'IIIT Hyderabad', 3, 'sachin_iiith'),
(1028, 'Kavitha', 'IISc Bangalore', 4, 'kavitha_iisc'),
(1029, 'Vivek', 'IIT Guwahati', 1, 'vivek_iitg'),
(1030, 'Sneha', 'IIT Roorkee', 2, 'sneha_iitr'),
(1031, 'Ashish', 'IIT Bombay', 3, 'ashish_iitb'),
(1032, 'Ananya', 'IIT Madras', 4, 'ananya_iitm'),
(1033, 'Ritu', 'IIT Kanpur', 1, 'ritu_iitk'),
(1034, 'Rajesh', 'IIT Delhi', 2, 'rajesh_iitd'),
(1035, 'Neha', 'BITS Pilani', 3, 'neha_bits'),
(1036, 'Rajat', 'NIT Trichy', 4, 'rajat_nitt'),
(1037, 'Priya', 'IIIT Hyderabad', 1, 'priya_iiith'),
(1038, 'Vikram', 'IISc Bangalore', 2, 'vikram_iisc'),
(1039, 'Swati', 'IIT Guwahati', 3, 'swati_iitg'),
(1040, 'Manish', 'IIT Roorkee', 4, 'manish_iitr'),
(1041, 'Rakesh', 'IIT Bombay', 1, 'rakesh_iitb'),
(1042, 'Sakshi', 'IIT Madras', 2, 'sakshi_iitm'),
(1043, 'Sandeep', 'IIT Kanpur', 3, 'sandeep_iitk'),
(1044, 'Nisha', 'IIT Delhi', 4, 'nisha_iitd'),
(1045, 'Alok', 'BITS Pilani', 1, 'alok_bits'),
(1046, 'Anusha', 'NIT Trichy', 2, 'anusha_nitt'),
(1047, 'Amit', 'IIIT Hyderabad', 3, 'amit_iiith'),
(1048, 'Rekha', 'IISc Bangalore', 4, 'rekha_iisc'),
(1049, 'Vijay', 'IIT Guwahati', 1, 'vijay_iitg'),
(1050, 'Anjali', 'IIT Roorkee', 2, 'anjali_iitr');

-- Reversed tuples for organising table
INSERT INTO organising (fest_id, event_id) VALUES
(1, 1),
(11, 2),
(21, 3),
(31, 4),
(41, 5),
(51, 6),
(61, 7),
(71, 8),
(81, 9),
(91, 10),
(101, 11),
(111, 12),
(121, 13),
(131, 14),
(141, 15),
(151, 16),
(161, 17),
(171, 18),
(181, 19),
(191, 20);

-- Reversed tuples for volunteering table
INSERT INTO volunteering (fest_id, event_id) VALUES
(2, 1),
(3, 1),
(4, 1),
(12, 2),
(13, 2),
(14, 2),
(22, 3),
(23, 3),
(24, 3),
(32, 4),
(33, 4),
(34, 4),
(42, 5),
(43, 5),
(44, 5),
(52, 6),
(53, 6),
(54, 6),
(62, 7),
(63, 7),
(64, 7),
(72, 8),
(73, 8),
(74, 8),
(82, 9),
(83, 9),
(84, 9),
(92, 10),
(93, 10),
(94, 10),
(102, 11),
(103, 11),
(104, 11),
(112, 12),
(113, 12),
(114, 12),
(122, 13),
(123, 13),
(124, 13),
(132, 14),
(133, 14),
(134, 14),
(142, 15),
(143, 15),
(144, 15),
(152, 16),
(153, 16),
(154, 16),
(162, 17),
(163, 17),
(164, 17),
(172, 18),
(173, 18),
(174, 18),
(182, 19),
(183, 19),
(184, 19),
(192, 20),
(193, 20),
(194, 20);


-- Inserting data into the participating_ext table
INSERT INTO participating_ext (fest_id, event_id) VALUES
(1001, 1),
(1002, 2),
(1003, 3),
(1004, 4),
(1005, 5),
(1006, 6),
(1007, 7),
(1008, 8),
(1009, 9),
(1010, 10),
(1011, 11),
(1012, 12),
(1013, 13),
(1014, 14),
(1015, 15),
(1016, 16),
(1017, 17),
(1018, 18),
(1019, 19),
(1020, 20),
(1021, 20),
(1022, 19),
(1023, 18),
(1024, 17),
(1025, 16),
(1026, 15),
(1027, 14),
(1028, 13),
(1029, 12),
(1030, 11),
(1031, 10),
(1032, 9),
(1033, 8),
(1034, 7),
(1035, 6),
(1036, 5),
(1037, 4),
(1038, 3),
(1039, 2),
(1040, 1),
(1041, 1),
(1042, 2),
(1043, 3),
(1044, 4),
(1045, 5),
(1046, 6),
(1047, 7),
(1048, 8),
(1049, 9),
(1050, 10);


-- Inserting data into the participating_int table
INSERT INTO participating_int (fest_id, event_id) VALUES
(2, 2),
(3, 3),
(4, 4),
(5, 5),
(6, 6),
(7, 7),
(8, 8),
(9, 9),
(10, 10),
(12, 12),
(13, 13),
(14, 14),
(15, 15),
(16, 16),
(17, 17),
(18, 18),
(19, 19),
(20, 20),
(22, 2),
(23, 3),
(24, 4),
(25, 5),
(26, 6),
(27, 7),
(28, 8),
(29, 9),
(30, 10),
(32, 12),
(33, 13),
(34, 14),
(35, 15),
(36, 16),
(37, 17),
(38, 18),
(39, 19),
(40, 20),
(42, 2),
(43, 3),
(44, 4),
(45, 5),
(46, 6),
(47, 7),
(48, 8),
(49, 9),
(50, 10),
(52, 12),
(53, 13),
(54, 14),
(55, 15),
(56, 16),
(57, 17),
(58, 18),
(59, 19),
(60, 20),
(62, 2),
(63, 3),
(64, 4),
(65, 5),
(66, 6),
(67, 7),
(68, 8),
(69, 9),
(70, 10),
(72, 12),
(73, 13),
(74, 14),
(75, 15),
(76, 16),
(77, 17),
(78, 18),
(79, 19),
(80, 20),
(82, 2),
(83, 3),
(84, 4),
(85, 5),
(86, 6),
(87, 7),
(88, 8),
(89, 9),
(90, 10),
(92, 12),
(93, 13),
(94, 14),
(95, 15),
(96, 16),
(97, 17),
(98, 18),
(99, 19),
(100, 20);
